{
 "kb": 8.617333262e-5,
 "q": 1.602176634e-19,
 "q2": 2.566970483e-38,
  "r": 8.31446261815324e-3,
  "cm3GPamol_to_ev": 0.0103636956,
  "water_units": "wtpct"
    
}
